username,email,upn,displayname,givenname,surname,password
testuser1,testuser1@yourtenant.onmicrosoft.com,testuser1@yourtenant.onmicrosoft.com,Test User 1,Test,User 1,6CA94794-5854-11EC-B9AD-B0BF93EEFEAF
testuser2,testuser2@yourtenant.onmicrosoft.com,testuser2@yourtenant.onmicrosoft.com,Test User 2,Test,User 2,6CA94794-5854-11EC-B9AD-B0BF93EEFEAF
testuser3,testuser3@yourtenant.onmicrosoft.com,testuser3@yourtenant.onmicrosoft.com,Test User 3,Test,User 3,6CA94794-5854-11EC-B9AD-B0BF93EEFEAF
testuser4,testuser4@yourtenant.onmicrosoft.com,testuser4@yourtenant.onmicrosoft.com,Test User 4,Test,User 4,6CA94794-5854-11EC-B9AD-B0BF93EEFEAF
testuser5,testuser5@yourtenant.onmicrosoft.com,testuser5@yourtenant.onmicrosoft.com,Test User 5,Test,User 5,6CA94794-5854-11EC-B9AD-B0BF93EEFEAF
testuser6,testuser6@yourtenant.onmicrosoft.com,testuser6@yourtenant.onmicrosoft.com,Test User 6,Test,User 6,6CA94794-5854-11EC-B9AD-B0BF93EEFEAF
testuser7,testuser7@yourtenant.onmicrosoft.com,testuser7@yourtenant.onmicrosoft.com,Test User 7,Test,User 7,6CA94794-5854-11EC-B9AD-B0BF93EEFEAF
testuser8,testuser8@yourtenant.onmicrosoft.com,testuser8@yourtenant.onmicrosoft.com,Test User 8,Test,User 8,6CA94794-5854-11EC-B9AD-B0BF93EEFEAF
testuser9,testuser9@yourtenant.onmicrosoft.com,testuser9@yourtenant.onmicrosoft.com,Test User 9,Test,User 9,6CA94794-5854-11EC-B9AD-B0BF93EEFEAF
testuser10,testuser10@yourtenant.onmicrosoft.com,testuser10@yourtenant.onmicrosoft.com,Test User 10,Test,User 10,6CA94794-5854-11EC-B9AD-B0BF93EEFEAF
testuser11,testuser11@yourtenant.onmicrosoft.com,testuser11@yourtenant.onmicrosoft.com,Test User 11,Test,User 11,6CA94794-5854-11EC-B9AD-B0BF93EEFEAF
testuser12,testuser12@yourtenant.onmicrosoft.com,testuser12@yourtenant.onmicrosoft.com,Test User 12,Test,User 12,6CA94794-5854-11EC-B9AD-B0BF93EEFEAF
testuser13,testuser13@yourtenant.onmicrosoft.com,testuser13@yourtenant.onmicrosoft.com,Test User 13,Test,User 13,6CA94794-5854-11EC-B9AD-B0BF93EEFEAF
testuser14,testuser14@yourtenant.onmicrosoft.com,testuser14@yourtenant.onmicrosoft.com,Test User 14,Test,User 14,6CA94794-5854-11EC-B9AD-B0BF93EEFEAF
testuser15,testuser15@yourtenant.onmicrosoft.com,testuser15@yourtenant.onmicrosoft.com,Test User 15,Test,User 15,6CA94794-5854-11EC-B9AD-B0BF93EEFEAF
testuser16,testuser16@yourtenant.onmicrosoft.com,testuser16@yourtenant.onmicrosoft.com,Test User 16,Test,User 16,6CA94794-5854-11EC-B9AD-B0BF93EEFEAF
testuser17,testuser17@yourtenant.onmicrosoft.com,testuser17@yourtenant.onmicrosoft.com,Test User 17,Test,User 17,6CA94794-5854-11EC-B9AD-B0BF93EEFEAF
testuser18,testuser18@yourtenant.onmicrosoft.com,testuser18@yourtenant.onmicrosoft.com,Test User 18,Test,User 18,6CA94794-5854-11EC-B9AD-B0BF93EEFEAF
testuser19,testuser19@yourtenant.onmicrosoft.com,testuser19@yourtenant.onmicrosoft.com,Test User 19,Test,User 19,6CA94794-5854-11EC-B9AD-B0BF93EEFEAF
testuser20,testuser20@yourtenant.onmicrosoft.com,testuser20@yourtenant.onmicrosoft.com,Test User 20,Test,User 20,6CA94794-5854-11EC-B9AD-B0BF93EEFEAF
testuser21,testuser21@yourtenant.onmicrosoft.com,testuser21@yourtenant.onmicrosoft.com,Test User 21,Test,User 21,6CA94794-5854-11EC-B9AD-B0BF93EEFEAF
testuser22,testuser22@yourtenant.onmicrosoft.com,testuser22@yourtenant.onmicrosoft.com,Test User 22,Test,User 22,6CA94794-5854-11EC-B9AD-B0BF93EEFEAF
testuser23,testuser23@yourtenant.onmicrosoft.com,testuser23@yourtenant.onmicrosoft.com,Test User 23,Test,User 23,6CA94794-5854-11EC-B9AD-B0BF93EEFEAF
testuser24,testuser24@yourtenant.onmicrosoft.com,testuser24@yourtenant.onmicrosoft.com,Test User 24,Test,User 24,6CA94794-5854-11EC-B9AD-B0BF93EEFEAF
testuser25,testuser25@yourtenant.onmicrosoft.com,testuser25@yourtenant.onmicrosoft.com,Test User 25,Test,User 25,6CA94794-5854-11EC-B9AD-B0BF93EEFEAF
testuser26,testuser26@yourtenant.onmicrosoft.com,testuser26@yourtenant.onmicrosoft.com,Test User 26,Test,User 26,6CA94794-5854-11EC-B9AD-B0BF93EEFEAF
testuser27,testuser27@yourtenant.onmicrosoft.com,testuser27@yourtenant.onmicrosoft.com,Test User 27,Test,User 27,6CA94794-5854-11EC-B9AD-B0BF93EEFEAF
testuser28,testuser28@yourtenant.onmicrosoft.com,testuser28@yourtenant.onmicrosoft.com,Test User 28,Test,User 28,6CA94794-5854-11EC-B9AD-B0BF93EEFEAF
testuser29,testuser29@yourtenant.onmicrosoft.com,testuser29@yourtenant.onmicrosoft.com,Test User 29,Test,User 29,6CA94794-5854-11EC-B9AD-B0BF93EEFEAF
testuser30,testuser30@yourtenant.onmicrosoft.com,testuser30@yourtenant.onmicrosoft.com,Test User 30,Test,User 30,6CA94794-5854-11EC-B9AD-B0BF93EEFEAF
testuser31,testuser31@yourtenant.onmicrosoft.com,testuser31@yourtenant.onmicrosoft.com,Test User 31,Test,User 31,6CA94794-5854-11EC-B9AD-B0BF93EEFEAF
testuser32,testuser32@yourtenant.onmicrosoft.com,testuser32@yourtenant.onmicrosoft.com,Test User 32,Test,User 32,6CA94794-5854-11EC-B9AD-B0BF93EEFEAF
testuser33,testuser33@yourtenant.onmicrosoft.com,testuser33@yourtenant.onmicrosoft.com,Test User 33,Test,User 33,6CA94794-5854-11EC-B9AD-B0BF93EEFEAF
testuser34,testuser34@yourtenant.onmicrosoft.com,testuser34@yourtenant.onmicrosoft.com,Test User 34,Test,User 34,6CA94794-5854-11EC-B9AD-B0BF93EEFEAF
testuser35,testuser35@yourtenant.onmicrosoft.com,testuser35@yourtenant.onmicrosoft.com,Test User 35,Test,User 35,6CA94794-5854-11EC-B9AD-B0BF93EEFEAF
testuser36,testuser36@yourtenant.onmicrosoft.com,testuser36@yourtenant.onmicrosoft.com,Test User 36,Test,User 36,6CA94794-5854-11EC-B9AD-B0BF93EEFEAF
testuser37,testuser37@yourtenant.onmicrosoft.com,testuser37@yourtenant.onmicrosoft.com,Test User 37,Test,User 37,6CA94794-5854-11EC-B9AD-B0BF93EEFEAF
testuser38,testuser38@yourtenant.onmicrosoft.com,testuser38@yourtenant.onmicrosoft.com,Test User 38,Test,User 38,6CA94794-5854-11EC-B9AD-B0BF93EEFEAF
testuser39,testuser39@yourtenant.onmicrosoft.com,testuser39@yourtenant.onmicrosoft.com,Test User 39,Test,User 39,6CA94794-5854-11EC-B9AD-B0BF93EEFEAF
testuser40,testuser40@yourtenant.onmicrosoft.com,testuser40@yourtenant.onmicrosoft.com,Test User 40,Test,User 40,6CA94794-5854-11EC-B9AD-B0BF93EEFEAF
testuser41,testuser41@yourtenant.onmicrosoft.com,testuser41@yourtenant.onmicrosoft.com,Test User 41,Test,User 41,6CA94794-5854-11EC-B9AD-B0BF93EEFEAF
testuser42,testuser42@yourtenant.onmicrosoft.com,testuser42@yourtenant.onmicrosoft.com,Test User 42,Test,User 42,6CA94794-5854-11EC-B9AD-B0BF93EEFEAF
testuser43,testuser43@yourtenant.onmicrosoft.com,testuser43@yourtenant.onmicrosoft.com,Test User 43,Test,User 43,6CA94794-5854-11EC-B9AD-B0BF93EEFEAF
testuser44,testuser44@yourtenant.onmicrosoft.com,testuser44@yourtenant.onmicrosoft.com,Test User 44,Test,User 44,6CA94794-5854-11EC-B9AD-B0BF93EEFEAF
testuser45,testuser45@yourtenant.onmicrosoft.com,testuser45@yourtenant.onmicrosoft.com,Test User 45,Test,User 45,6CA94794-5854-11EC-B9AD-B0BF93EEFEAF
testuser46,testuser46@yourtenant.onmicrosoft.com,testuser46@yourtenant.onmicrosoft.com,Test User 46,Test,User 46,6CA94794-5854-11EC-B9AD-B0BF93EEFEAF
testuser47,testuser47@yourtenant.onmicrosoft.com,testuser47@yourtenant.onmicrosoft.com,Test User 47,Test,User 47,6CA94794-5854-11EC-B9AD-B0BF93EEFEAF
testuser48,testuser48@yourtenant.onmicrosoft.com,testuser48@yourtenant.onmicrosoft.com,Test User 48,Test,User 48,6CA94794-5854-11EC-B9AD-B0BF93EEFEAF
testuser49,testuser49@yourtenant.onmicrosoft.com,testuser49@yourtenant.onmicrosoft.com,Test User 49,Test,User 49,6CA94794-5854-11EC-B9AD-B0BF93EEFEAF
testuser50,testuser50@yourtenant.onmicrosoft.com,testuser50@yourtenant.onmicrosoft.com,Test User 50,Test,User 50,6CA94794-5854-11EC-B9AD-B0BF93EEFEAF
testuser51,testuser51@yourtenant.onmicrosoft.com,testuser51@yourtenant.onmicrosoft.com,Test User 51,Test,User 51,6CA94794-5854-11EC-B9AD-B0BF93EEFEAF
testuser52,testuser52@yourtenant.onmicrosoft.com,testuser52@yourtenant.onmicrosoft.com,Test User 52,Test,User 52,6CA94794-5854-11EC-B9AD-B0BF93EEFEAF
testuser53,testuser53@yourtenant.onmicrosoft.com,testuser53@yourtenant.onmicrosoft.com,Test User 53,Test,User 53,6CA94794-5854-11EC-B9AD-B0BF93EEFEAF
testuser54,testuser54@yourtenant.onmicrosoft.com,testuser54@yourtenant.onmicrosoft.com,Test User 54,Test,User 54,6CA94794-5854-11EC-B9AD-B0BF93EEFEAF
testuser55,testuser55@yourtenant.onmicrosoft.com,testuser55@yourtenant.onmicrosoft.com,Test User 55,Test,User 55,6CA94794-5854-11EC-B9AD-B0BF93EEFEAF
testuser56,testuser56@yourtenant.onmicrosoft.com,testuser56@yourtenant.onmicrosoft.com,Test User 56,Test,User 56,6CA94794-5854-11EC-B9AD-B0BF93EEFEAF
testuser57,testuser57@yourtenant.onmicrosoft.com,testuser57@yourtenant.onmicrosoft.com,Test User 57,Test,User 57,6CA94794-5854-11EC-B9AD-B0BF93EEFEAF
testuser58,testuser58@yourtenant.onmicrosoft.com,testuser58@yourtenant.onmicrosoft.com,Test User 58,Test,User 58,6CA94794-5854-11EC-B9AD-B0BF93EEFEAF
testuser59,testuser59@yourtenant.onmicrosoft.com,testuser59@yourtenant.onmicrosoft.com,Test User 59,Test,User 59,6CA94794-5854-11EC-B9AD-B0BF93EEFEAF
testuser60,testuser60@yourtenant.onmicrosoft.com,testuser60@yourtenant.onmicrosoft.com,Test User 60,Test,User 60,6CA94794-5854-11EC-B9AD-B0BF93EEFEAF
testuser61,testuser61@yourtenant.onmicrosoft.com,testuser61@yourtenant.onmicrosoft.com,Test User 61,Test,User 61,6CA94794-5854-11EC-B9AD-B0BF93EEFEAF
testuser62,testuser62@yourtenant.onmicrosoft.com,testuser62@yourtenant.onmicrosoft.com,Test User 62,Test,User 62,6CA94794-5854-11EC-B9AD-B0BF93EEFEAF
testuser63,testuser63@yourtenant.onmicrosoft.com,testuser63@yourtenant.onmicrosoft.com,Test User 63,Test,User 63,6CA94794-5854-11EC-B9AD-B0BF93EEFEAF
testuser64,testuser64@yourtenant.onmicrosoft.com,testuser64@yourtenant.onmicrosoft.com,Test User 64,Test,User 64,6CA94794-5854-11EC-B9AD-B0BF93EEFEAF
testuser65,testuser65@yourtenant.onmicrosoft.com,testuser65@yourtenant.onmicrosoft.com,Test User 65,Test,User 65,6CA94794-5854-11EC-B9AD-B0BF93EEFEAF
testuser66,testuser66@yourtenant.onmicrosoft.com,testuser66@yourtenant.onmicrosoft.com,Test User 66,Test,User 66,6CA94794-5854-11EC-B9AD-B0BF93EEFEAF
testuser67,testuser67@yourtenant.onmicrosoft.com,testuser67@yourtenant.onmicrosoft.com,Test User 67,Test,User 67,6CA94794-5854-11EC-B9AD-B0BF93EEFEAF
testuser68,testuser68@yourtenant.onmicrosoft.com,testuser68@yourtenant.onmicrosoft.com,Test User 68,Test,User 68,6CA94794-5854-11EC-B9AD-B0BF93EEFEAF
testuser69,testuser69@yourtenant.onmicrosoft.com,testuser69@yourtenant.onmicrosoft.com,Test User 69,Test,User 69,6CA94794-5854-11EC-B9AD-B0BF93EEFEAF
testuser70,testuser70@yourtenant.onmicrosoft.com,testuser70@yourtenant.onmicrosoft.com,Test User 70,Test,User 70,6CA94794-5854-11EC-B9AD-B0BF93EEFEAF
testuser71,testuser71@yourtenant.onmicrosoft.com,testuser71@yourtenant.onmicrosoft.com,Test User 71,Test,User 71,6CA94794-5854-11EC-B9AD-B0BF93EEFEAF
testuser72,testuser72@yourtenant.onmicrosoft.com,testuser72@yourtenant.onmicrosoft.com,Test User 72,Test,User 72,6CA94794-5854-11EC-B9AD-B0BF93EEFEAF
testuser73,testuser73@yourtenant.onmicrosoft.com,testuser73@yourtenant.onmicrosoft.com,Test User 73,Test,User 73,6CA94794-5854-11EC-B9AD-B0BF93EEFEAF
testuser74,testuser74@yourtenant.onmicrosoft.com,testuser74@yourtenant.onmicrosoft.com,Test User 74,Test,User 74,6CA94794-5854-11EC-B9AD-B0BF93EEFEAF
testuser75,testuser75@yourtenant.onmicrosoft.com,testuser75@yourtenant.onmicrosoft.com,Test User 75,Test,User 75,6CA94794-5854-11EC-B9AD-B0BF93EEFEAF
testuser76,testuser76@yourtenant.onmicrosoft.com,testuser76@yourtenant.onmicrosoft.com,Test User 76,Test,User 76,6CA94794-5854-11EC-B9AD-B0BF93EEFEAF
testuser77,testuser77@yourtenant.onmicrosoft.com,testuser77@yourtenant.onmicrosoft.com,Test User 77,Test,User 77,6CA94794-5854-11EC-B9AD-B0BF93EEFEAF
testuser78,testuser78@yourtenant.onmicrosoft.com,testuser78@yourtenant.onmicrosoft.com,Test User 78,Test,User 78,6CA94794-5854-11EC-B9AD-B0BF93EEFEAF
testuser79,testuser79@yourtenant.onmicrosoft.com,testuser79@yourtenant.onmicrosoft.com,Test User 79,Test,User 79,6CA94794-5854-11EC-B9AD-B0BF93EEFEAF
testuser80,testuser80@yourtenant.onmicrosoft.com,testuser80@yourtenant.onmicrosoft.com,Test User 80,Test,User 80,6CA94794-5854-11EC-B9AD-B0BF93EEFEAF
testuser81,testuser81@yourtenant.onmicrosoft.com,testuser81@yourtenant.onmicrosoft.com,Test User 81,Test,User 81,6CA94794-5854-11EC-B9AD-B0BF93EEFEAF
testuser82,testuser82@yourtenant.onmicrosoft.com,testuser82@yourtenant.onmicrosoft.com,Test User 82,Test,User 82,6CA94794-5854-11EC-B9AD-B0BF93EEFEAF
testuser83,testuser83@yourtenant.onmicrosoft.com,testuser83@yourtenant.onmicrosoft.com,Test User 83,Test,User 83,6CA94794-5854-11EC-B9AD-B0BF93EEFEAF
testuser84,testuser84@yourtenant.onmicrosoft.com,testuser84@yourtenant.onmicrosoft.com,Test User 84,Test,User 84,6CA94794-5854-11EC-B9AD-B0BF93EEFEAF
testuser85,testuser85@yourtenant.onmicrosoft.com,testuser85@yourtenant.onmicrosoft.com,Test User 85,Test,User 85,6CA94794-5854-11EC-B9AD-B0BF93EEFEAF
testuser86,testuser86@yourtenant.onmicrosoft.com,testuser86@yourtenant.onmicrosoft.com,Test User 86,Test,User 86,6CA94794-5854-11EC-B9AD-B0BF93EEFEAF
testuser87,testuser87@yourtenant.onmicrosoft.com,testuser87@yourtenant.onmicrosoft.com,Test User 87,Test,User 87,6CA94794-5854-11EC-B9AD-B0BF93EEFEAF
testuser88,testuser88@yourtenant.onmicrosoft.com,testuser88@yourtenant.onmicrosoft.com,Test User 88,Test,User 88,6CA94794-5854-11EC-B9AD-B0BF93EEFEAF
testuser89,testuser89@yourtenant.onmicrosoft.com,testuser89@yourtenant.onmicrosoft.com,Test User 89,Test,User 89,6CA94794-5854-11EC-B9AD-B0BF93EEFEAF
testuser90,testuser90@yourtenant.onmicrosoft.com,testuser90@yourtenant.onmicrosoft.com,Test User 90,Test,User 90,6CA94794-5854-11EC-B9AD-B0BF93EEFEAF
testuser91,testuser91@yourtenant.onmicrosoft.com,testuser91@yourtenant.onmicrosoft.com,Test User 91,Test,User 91,6CA94794-5854-11EC-B9AD-B0BF93EEFEAF
testuser92,testuser92@yourtenant.onmicrosoft.com,testuser92@yourtenant.onmicrosoft.com,Test User 92,Test,User 92,6CA94794-5854-11EC-B9AD-B0BF93EEFEAF
testuser93,testuser93@yourtenant.onmicrosoft.com,testuser93@yourtenant.onmicrosoft.com,Test User 93,Test,User 93,6CA94794-5854-11EC-B9AD-B0BF93EEFEAF
testuser94,testuser94@yourtenant.onmicrosoft.com,testuser94@yourtenant.onmicrosoft.com,Test User 94,Test,User 94,6CA94794-5854-11EC-B9AD-B0BF93EEFEAF
testuser95,testuser95@yourtenant.onmicrosoft.com,testuser95@yourtenant.onmicrosoft.com,Test User 95,Test,User 95,6CA94794-5854-11EC-B9AD-B0BF93EEFEAF
testuser96,testuser96@yourtenant.onmicrosoft.com,testuser96@yourtenant.onmicrosoft.com,Test User 96,Test,User 96,6CA94794-5854-11EC-B9AD-B0BF93EEFEAF
testuser97,testuser97@yourtenant.onmicrosoft.com,testuser97@yourtenant.onmicrosoft.com,Test User 97,Test,User 97,6CA94794-5854-11EC-B9AD-B0BF93EEFEAF
testuser98,testuser98@yourtenant.onmicrosoft.com,testuser98@yourtenant.onmicrosoft.com,Test User 98,Test,User 98,6CA94794-5854-11EC-B9AD-B0BF93EEFEAF
testuser99,testuser99@yourtenant.onmicrosoft.com,testuser99@yourtenant.onmicrosoft.com,Test User 99,Test,User 99,6CA94794-5854-11EC-B9AD-B0BF93EEFEAF
testuser100,testuser100@yourtenant.onmicrosoft.com,testuser100@yourtenant.onmicrosoft.com,Test User 100,Test,User 100,6CA94794-5854-11EC-B9AD-B0BF93EEFEAF
